-- the password hash is generated by BCrypt Calculator Generator(https://www.dailycred.com/article/bcrypt-calculator)
INSERT INTO USERS (id, username, password, enabled, ospname, last_password_reset_date, connection_status, token, refreshtoken) VALUES (1, 'admin', '$2a$04$DRWxaH.VF8jJKyDL1PKTkeGp2CP2HVo0RDfmxS7I3BxfqIgPPRzhO', true, 'none', '2017-10-01 18:57:58.508-07', null, null, null);
INSERT INTO USERS (id, username, password, enabled, ospname, last_password_reset_date, connection_status, token, refreshtoken) VALUES (2, 'testuser1', '$2a$04$Vbug2lwwJGrvUXTj6z7ff.97IzVBkrJ1XfApfGNl.Z695zqcnPYra', true, 'google', '2017-10-01 18:57:58.508-07', null, null, null);
INSERT INTO USERS (id, username, password, enabled, ospname, last_password_reset_date, connection_status, token, refreshtoken) VALUES (3, 'testuser2', '$2a$04$Vbug2lwwJGrvUXTj6z7ff.97IzVBkrJ1XfApfGNl.Z695zqcnPYra', true, 'google', '2017-10-01 18:57:58.508-07', null, null, null);
INSERT INTO USERS (id, username, password, enabled, ospname, last_password_reset_date, connection_status, token, refreshtoken) VALUES (4, 'testuser3', '$2a$04$Vbug2lwwJGrvUXTj6z7ff.97IzVBkrJ1XfApfGNl.Z695zqcnPYra', true, 'google', '2017-10-01 18:57:58.508-07', null, null, null);
INSERT INTO USERS (id, username, password, enabled, ospname, last_password_reset_date, connection_status, token, refreshtoken) VALUES (5, 'testuser4', '$2a$04$Vbug2lwwJGrvUXTj6z7ff.97IzVBkrJ1XfApfGNl.Z695zqcnPYra', true, 'google', '2017-10-01 18:57:58.508-07', null, null, null);
INSERT INTO USERS (id, username, password, enabled, ospname, last_password_reset_date, connection_status, token, refreshtoken) VALUES (6, 'testuser5', '$2a$04$Vbug2lwwJGrvUXTj6z7ff.97IzVBkrJ1XfApfGNl.Z695zqcnPYra', true, 'google', '2017-10-01 18:57:58.508-07', null, null, null);
INSERT INTO USERS (id, username, password, enabled, ospname, last_password_reset_date, connection_status, token, refreshtoken) VALUES (7, 'testuser6', '$2a$04$Vbug2lwwJGrvUXTj6z7ff.97IzVBkrJ1XfApfGNl.Z695zqcnPYra', true, 'google', '2017-10-01 18:57:58.508-07', null, null, null);
INSERT INTO USERS (id, username, password, enabled, ospname, last_password_reset_date, connection_status, token, refreshtoken) VALUES (8, 'testuser7', '$2a$04$Vbug2lwwJGrvUXTj6z7ff.97IzVBkrJ1XfApfGNl.Z695zqcnPYra', true, 'google', '2017-10-01 18:57:58.508-07', null, null, null);
INSERT INTO USERS (id, username, password, enabled, ospname, last_password_reset_date, connection_status, token, refreshtoken) VALUES (9, 'testuser8', '$2a$04$Vbug2lwwJGrvUXTj6z7ff.97IzVBkrJ1XfApfGNl.Z695zqcnPYra', true, 'google', '2017-10-01 18:57:58.508-07', null, null, null);
INSERT INTO USERS (id, username, password, enabled, ospname, last_password_reset_date, connection_status, token, refreshtoken) VALUES (10, 'testuser9', '$2a$04$Vbug2lwwJGrvUXTj6z7ff.97IzVBkrJ1XfApfGNl.Z695zqcnPYra', true, 'google', '2017-10-01 18:57:58.508-07', null, null, null);
INSERT INTO USERS (id, username, password, enabled, ospname, last_password_reset_date, connection_status, token, refreshtoken) VALUES (11, 'testuser10', '$2a$04$Vbug2lwwJGrvUXTj6z7ff.97IzVBkrJ1XfApfGNl.Z695zqcnPYra', true, 'google', '2017-10-01 18:57:58.508-07', null, null, null);
INSERT INTO USERS (id, username, password, enabled, ospname, last_password_reset_date, connection_status, token, refreshtoken) VALUES (12, 'testuser11', '$2a$04$Vbug2lwwJGrvUXTj6z7ff.97IzVBkrJ1XfApfGNl.Z695zqcnPYra', true, 'google', '2017-10-01 18:57:58.508-07', null, null, null);
INSERT INTO USERS (id, username, password, enabled, ospname, last_password_reset_date, connection_status, token, refreshtoken) VALUES (13, 'testuser12', '$2a$04$Vbug2lwwJGrvUXTj6z7ff.97IzVBkrJ1XfApfGNl.Z695zqcnPYra', true, 'google', '2017-10-01 18:57:58.508-07', null, null, null);
INSERT INTO USERS (id, username, password, enabled, ospname, last_password_reset_date, connection_status, token, refreshtoken) VALUES (14, 'testuser13', '$2a$04$Vbug2lwwJGrvUXTj6z7ff.97IzVBkrJ1XfApfGNl.Z695zqcnPYra', true, 'google', '2017-10-01 18:57:58.508-07', null, null, null);
INSERT INTO USERS (id, username, password, enabled, ospname, last_password_reset_date, connection_status, token, refreshtoken) VALUES (15, 'testuser14', '$2a$04$Vbug2lwwJGrvUXTj6z7ff.97IzVBkrJ1XfApfGNl.Z695zqcnPYra', true, 'google', '2017-10-01 18:57:58.508-07', null, null, null);
INSERT INTO USERS (id, username, password, enabled, ospname, last_password_reset_date, connection_status, token, refreshtoken) VALUES (16, 'testuser15', '$2a$04$Vbug2lwwJGrvUXTj6z7ff.97IzVBkrJ1XfApfGNl.Z695zqcnPYra', true, 'google', '2017-10-01 18:57:58.508-07', null, null, null);
INSERT INTO USERS (id, username, password, enabled, ospname, last_password_reset_date, connection_status, token, refreshtoken) VALUES (17, 'testuser16', '$2a$04$Vbug2lwwJGrvUXTj6z7ff.97IzVBkrJ1XfApfGNl.Z695zqcnPYra', true, 'google', '2017-10-01 18:57:58.508-07', null, null, null);
INSERT INTO USERS (id, username, password, enabled, ospname, last_password_reset_date, connection_status, token, refreshtoken) VALUES (18, 'testuser17', '$2a$04$Vbug2lwwJGrvUXTj6z7ff.97IzVBkrJ1XfApfGNl.Z695zqcnPYra', true, 'google', '2017-10-01 18:57:58.508-07', null, null, null);
INSERT INTO USERS (id, username, password, enabled, ospname, last_password_reset_date, connection_status, token, refreshtoken) VALUES (19, 'testuser18', '$2a$04$Vbug2lwwJGrvUXTj6z7ff.97IzVBkrJ1XfApfGNl.Z695zqcnPYra', true, 'google', '2017-10-01 18:57:58.508-07', null, null, null);
INSERT INTO USERS (id, username, password, enabled, ospname, last_password_reset_date, connection_status, token, refreshtoken) VALUES (20, 'testuser19', '$2a$04$Vbug2lwwJGrvUXTj6z7ff.97IzVBkrJ1XfApfGNl.Z695zqcnPYra', true, 'google', '2017-10-01 18:57:58.508-07', null, null, null);
INSERT INTO USERS (id, username, password, enabled, ospname, last_password_reset_date, connection_status, token, refreshtoken) VALUES (21, 'testuser20', '$2a$04$Vbug2lwwJGrvUXTj6z7ff.97IzVBkrJ1XfApfGNl.Z695zqcnPYra', true, 'google', '2017-10-01 18:57:58.508-07', null, null, null);
INSERT INTO USERS (id, username, password, enabled, ospname, last_password_reset_date, connection_status, token, refreshtoken) VALUES (22, 'testuser21', '$2a$04$Vbug2lwwJGrvUXTj6z7ff.97IzVBkrJ1XfApfGNl.Z695zqcnPYra', true, 'google', '2017-10-01 18:57:58.508-07', null, null, null);
INSERT INTO USERS (id, username, password, enabled, ospname, last_password_reset_date, connection_status, token, refreshtoken) VALUES (23, 'testuser22', '$2a$04$Vbug2lwwJGrvUXTj6z7ff.97IzVBkrJ1XfApfGNl.Z695zqcnPYra', true, 'google', '2017-10-01 18:57:58.508-07', null, null, null);
INSERT INTO USERS (id, username, password, enabled, ospname, last_password_reset_date, connection_status, token, refreshtoken) VALUES (24, 'testuser23', '$2a$04$Vbug2lwwJGrvUXTj6z7ff.97IzVBkrJ1XfApfGNl.Z695zqcnPYra', true, 'google', '2017-10-01 18:57:58.508-07', null, null, null);
INSERT INTO USERS (id, username, password, enabled, ospname, last_password_reset_date, connection_status, token, refreshtoken) VALUES (25, 'testuser24', '$2a$04$Vbug2lwwJGrvUXTj6z7ff.97IzVBkrJ1XfApfGNl.Z695zqcnPYra', true, 'google', '2017-10-01 18:57:58.508-07', null, null, null);
INSERT INTO USERS (id, username, password, enabled, ospname, last_password_reset_date, connection_status, token, refreshtoken) VALUES (26, 'testuser25', '$2a$04$Vbug2lwwJGrvUXTj6z7ff.97IzVBkrJ1XfApfGNl.Z695zqcnPYra', true, 'google', '2017-10-01 18:57:58.508-07', null, null, null);
INSERT INTO USERS (id, username, password, enabled, ospname, last_password_reset_date, connection_status, token, refreshtoken) VALUES (27, 'testuser26', '$2a$04$Vbug2lwwJGrvUXTj6z7ff.97IzVBkrJ1XfApfGNl.Z695zqcnPYra', true, 'google', '2017-10-01 18:57:58.508-07', null, null, null);
INSERT INTO USERS (id, username, password, enabled, ospname, last_password_reset_date, connection_status, token, refreshtoken) VALUES (28, 'testuser27', '$2a$04$Vbug2lwwJGrvUXTj6z7ff.97IzVBkrJ1XfApfGNl.Z695zqcnPYra', true, 'google', '2017-10-01 18:57:58.508-07', null, null, null);
INSERT INTO USERS (id, username, password, enabled, ospname, last_password_reset_date, connection_status, token, refreshtoken) VALUES (29, 'testuser28', '$2a$04$Vbug2lwwJGrvUXTj6z7ff.97IzVBkrJ1XfApfGNl.Z695zqcnPYra', true, 'google', '2017-10-01 18:57:58.508-07', null, null, null);
INSERT INTO USERS (id, username, password, enabled, ospname, last_password_reset_date, connection_status, token, refreshtoken) VALUES (30, 'testuser29', '$2a$04$Vbug2lwwJGrvUXTj6z7ff.97IzVBkrJ1XfApfGNl.Z695zqcnPYra', true, 'google', '2017-10-01 18:57:58.508-07', null, null, null);
INSERT INTO USERS (id, username, password, enabled, ospname, last_password_reset_date, connection_status, token, refreshtoken) VALUES (31, 'testuser30', '$2a$04$Vbug2lwwJGrvUXTj6z7ff.97IzVBkrJ1XfApfGNl.Z695zqcnPYra', true, 'google', '2017-10-01 18:57:58.508-07', null, null, null);
INSERT INTO USERS (id, username, password, enabled, ospname, last_password_reset_date, connection_status, token, refreshtoken) VALUES (32, 'testuser31', '$2a$04$Vbug2lwwJGrvUXTj6z7ff.97IzVBkrJ1XfApfGNl.Z695zqcnPYra', true, 'google', '2017-10-01 18:57:58.508-07', null, null, null);
INSERT INTO USERS (id, username, password, enabled, ospname, last_password_reset_date, connection_status, token, refreshtoken) VALUES (33, 'testuser32', '$2a$04$Vbug2lwwJGrvUXTj6z7ff.97IzVBkrJ1XfApfGNl.Z695zqcnPYra', true, 'google', '2017-10-01 18:57:58.508-07', null, null, null);
INSERT INTO USERS (id, username, password, enabled, ospname, last_password_reset_date, connection_status, token, refreshtoken) VALUES (34, 'testuser33', '$2a$04$Vbug2lwwJGrvUXTj6z7ff.97IzVBkrJ1XfApfGNl.Z695zqcnPYra', true, 'google', '2017-10-01 18:57:58.508-07', null, null, null);
INSERT INTO USERS (id, username, password, enabled, ospname, last_password_reset_date, connection_status, token, refreshtoken) VALUES (35, 'testuser34', '$2a$04$Vbug2lwwJGrvUXTj6z7ff.97IzVBkrJ1XfApfGNl.Z695zqcnPYra', true, 'google', '2017-10-01 18:57:58.508-07', null, null, null);
INSERT INTO USERS (id, username, password, enabled, ospname, last_password_reset_date, connection_status, token, refreshtoken) VALUES (36, 'testuser35', '$2a$04$Vbug2lwwJGrvUXTj6z7ff.97IzVBkrJ1XfApfGNl.Z695zqcnPYra', true, 'google', '2017-10-01 18:57:58.508-07', null, null, null);
INSERT INTO USERS (id, username, password, enabled, ospname, last_password_reset_date, connection_status, token, refreshtoken) VALUES (37, 'testuser36', '$2a$04$Vbug2lwwJGrvUXTj6z7ff.97IzVBkrJ1XfApfGNl.Z695zqcnPYra', true, 'google', '2017-10-01 18:57:58.508-07', null, null, null);
INSERT INTO USERS (id, username, password, enabled, ospname, last_password_reset_date, connection_status, token, refreshtoken) VALUES (38, 'testuser37', '$2a$04$Vbug2lwwJGrvUXTj6z7ff.97IzVBkrJ1XfApfGNl.Z695zqcnPYra', true, 'google', '2017-10-01 18:57:58.508-07', null, null, null);
INSERT INTO USERS (id, username, password, enabled, ospname, last_password_reset_date, connection_status, token, refreshtoken) VALUES (39, 'testuser38', '$2a$04$Vbug2lwwJGrvUXTj6z7ff.97IzVBkrJ1XfApfGNl.Z695zqcnPYra', true, 'google', '2017-10-01 18:57:58.508-07', null, null, null);
INSERT INTO USERS (id, username, password, enabled, ospname, last_password_reset_date, connection_status, token, refreshtoken) VALUES (40, 'testuser39', '$2a$04$Vbug2lwwJGrvUXTj6z7ff.97IzVBkrJ1XfApfGNl.Z695zqcnPYra', true, 'google', '2017-10-01 18:57:58.508-07', null, null, null);
INSERT INTO USERS (id, username, password, enabled, ospname, last_password_reset_date, connection_status, token, refreshtoken) VALUES (41, 'testuser40', '$2a$04$Vbug2lwwJGrvUXTj6z7ff.97IzVBkrJ1XfApfGNl.Z695zqcnPYra', true, 'google', '2017-10-01 18:57:58.508-07', null, null, null);
INSERT INTO USERS (id, username, password, enabled, ospname, last_password_reset_date, connection_status, token, refreshtoken) VALUES (42, 'testuser41', '$2a$04$Vbug2lwwJGrvUXTj6z7ff.97IzVBkrJ1XfApfGNl.Z695zqcnPYra', true, 'google', '2017-10-01 18:57:58.508-07', null, null, null);
INSERT INTO USERS (id, username, password, enabled, ospname, last_password_reset_date, connection_status, token, refreshtoken) VALUES (43, 'testuser42', '$2a$04$Vbug2lwwJGrvUXTj6z7ff.97IzVBkrJ1XfApfGNl.Z695zqcnPYra', true, 'google', '2017-10-01 18:57:58.508-07', null, null, null);
INSERT INTO USERS (id, username, password, enabled, ospname, last_password_reset_date, connection_status, token, refreshtoken) VALUES (44, 'testuser43', '$2a$04$Vbug2lwwJGrvUXTj6z7ff.97IzVBkrJ1XfApfGNl.Z695zqcnPYra', true, 'google', '2017-10-01 18:57:58.508-07', null, null, null);
INSERT INTO USERS (id, username, password, enabled, ospname, last_password_reset_date, connection_status, token, refreshtoken) VALUES (45, 'testuser44', '$2a$04$Vbug2lwwJGrvUXTj6z7ff.97IzVBkrJ1XfApfGNl.Z695zqcnPYra', true, 'google', '2017-10-01 18:57:58.508-07', null, null, null);
INSERT INTO USERS (id, username, password, enabled, ospname, last_password_reset_date, connection_status, token, refreshtoken) VALUES (46, 'testuser45', '$2a$04$Vbug2lwwJGrvUXTj6z7ff.97IzVBkrJ1XfApfGNl.Z695zqcnPYra', true, 'google', '2017-10-01 18:57:58.508-07', null, null, null);
INSERT INTO USERS (id, username, password, enabled, ospname, last_password_reset_date, connection_status, token, refreshtoken) VALUES (47, 'testuser46', '$2a$04$Vbug2lwwJGrvUXTj6z7ff.97IzVBkrJ1XfApfGNl.Z695zqcnPYra', true, 'google', '2017-10-01 18:57:58.508-07', null, null, null);
INSERT INTO USERS (id, username, password, enabled, ospname, last_password_reset_date, connection_status, token, refreshtoken) VALUES (48, 'testuser47', '$2a$04$Vbug2lwwJGrvUXTj6z7ff.97IzVBkrJ1XfApfGNl.Z695zqcnPYra', true, 'google', '2017-10-01 18:57:58.508-07', null, null, null);
INSERT INTO USERS (id, username, password, enabled, ospname, last_password_reset_date, connection_status, token, refreshtoken) VALUES (49, 'testuser48', '$2a$04$Vbug2lwwJGrvUXTj6z7ff.97IzVBkrJ1XfApfGNl.Z695zqcnPYra', true, 'google', '2017-10-01 18:57:58.508-07', null, null, null);
INSERT INTO USERS (id, username, password, enabled, ospname, last_password_reset_date, connection_status, token, refreshtoken) VALUES (50, 'testuser49', '$2a$04$Vbug2lwwJGrvUXTj6z7ff.97IzVBkrJ1XfApfGNl.Z695zqcnPYra', true, 'google', '2017-10-01 18:57:58.508-07', null, null, null);
INSERT INTO USERS (id, username, password, enabled, ospname, last_password_reset_date, connection_status, token, refreshtoken) VALUES (51, 'testuser50', '$2a$04$Vbug2lwwJGrvUXTj6z7ff.97IzVBkrJ1XfApfGNl.Z695zqcnPYra', true, 'google', '2017-10-01 18:57:58.508-07', null, null, null);

INSERT INTO USERS (id, username, password, enabled, ospname, last_password_reset_date, connection_status, token, refreshtoken) VALUES (52, 'testuser51', '$2a$04$Vbug2lwwJGrvUXTj6z7ff.97IzVBkrJ1XfApfGNl.Z695zqcnPYra', true, 'xero', '2017-10-01 18:57:58.508-07', null, null, null);
INSERT INTO USERS (id, username, password, enabled, ospname, last_password_reset_date, connection_status, token, refreshtoken) VALUES (53, 'testuser52', '$2a$04$Vbug2lwwJGrvUXTj6z7ff.97IzVBkrJ1XfApfGNl.Z695zqcnPYra', true, 'xero', '2017-10-01 18:57:58.508-07', null, null, null);
INSERT INTO USERS (id, username, password, enabled, ospname, last_password_reset_date, connection_status, token, refreshtoken) VALUES (54, 'testuser53', '$2a$04$Vbug2lwwJGrvUXTj6z7ff.97IzVBkrJ1XfApfGNl.Z695zqcnPYra', true, 'xero', '2017-10-01 18:57:58.508-07', null, null, null);
INSERT INTO USERS (id, username, password, enabled, ospname, last_password_reset_date, connection_status, token, refreshtoken) VALUES (55, 'testuser54', '$2a$04$Vbug2lwwJGrvUXTj6z7ff.97IzVBkrJ1XfApfGNl.Z695zqcnPYra', true, 'xero', '2017-10-01 18:57:58.508-07', null, null, null);
INSERT INTO USERS (id, username, password, enabled, ospname, last_password_reset_date, connection_status, token, refreshtoken) VALUES (56, 'testuser55', '$2a$04$Vbug2lwwJGrvUXTj6z7ff.97IzVBkrJ1XfApfGNl.Z695zqcnPYra', true, 'xero', '2017-10-01 18:57:58.508-07', null, null, null);
INSERT INTO USERS (id, username, password, enabled, ospname, last_password_reset_date, connection_status, token, refreshtoken) VALUES (57, 'testuser56', '$2a$04$Vbug2lwwJGrvUXTj6z7ff.97IzVBkrJ1XfApfGNl.Z695zqcnPYra', true, 'xero', '2017-10-01 18:57:58.508-07', null, null, null);
INSERT INTO USERS (id, username, password, enabled, ospname, last_password_reset_date, connection_status, token, refreshtoken) VALUES (58, 'testuser57', '$2a$04$Vbug2lwwJGrvUXTj6z7ff.97IzVBkrJ1XfApfGNl.Z695zqcnPYra', true, 'xero', '2017-10-01 18:57:58.508-07', null, null, null);
INSERT INTO USERS (id, username, password, enabled, ospname, last_password_reset_date, connection_status, token, refreshtoken) VALUES (59, 'testuser58', '$2a$04$Vbug2lwwJGrvUXTj6z7ff.97IzVBkrJ1XfApfGNl.Z695zqcnPYra', true, 'xero', '2017-10-01 18:57:58.508-07', null, null, null);
INSERT INTO USERS (id, username, password, enabled, ospname, last_password_reset_date, connection_status, token, refreshtoken) VALUES (60, 'testuser59', '$2a$04$Vbug2lwwJGrvUXTj6z7ff.97IzVBkrJ1XfApfGNl.Z695zqcnPYra', true, 'xero', '2017-10-01 18:57:58.508-07', null, null, null);
INSERT INTO USERS (id, username, password, enabled, ospname, last_password_reset_date, connection_status, token, refreshtoken) VALUES (61, 'testuser60', '$2a$04$Vbug2lwwJGrvUXTj6z7ff.97IzVBkrJ1XfApfGNl.Z695zqcnPYra', true, 'xero', '2017-10-01 18:57:58.508-07', null, null, null);
INSERT INTO USERS (id, username, password, enabled, ospname, last_password_reset_date, connection_status, token, refreshtoken) VALUES (62, 'testuser61', '$2a$04$Vbug2lwwJGrvUXTj6z7ff.97IzVBkrJ1XfApfGNl.Z695zqcnPYra', true, 'xero', '2017-10-01 18:57:58.508-07', null, null, null);
INSERT INTO USERS (id, username, password, enabled, ospname, last_password_reset_date, connection_status, token, refreshtoken) VALUES (63, 'testuser62', '$2a$04$Vbug2lwwJGrvUXTj6z7ff.97IzVBkrJ1XfApfGNl.Z695zqcnPYra', true, 'xero', '2017-10-01 18:57:58.508-07', null, null, null);
INSERT INTO USERS (id, username, password, enabled, ospname, last_password_reset_date, connection_status, token, refreshtoken) VALUES (64, 'testuser63', '$2a$04$Vbug2lwwJGrvUXTj6z7ff.97IzVBkrJ1XfApfGNl.Z695zqcnPYra', true, 'xero', '2017-10-01 18:57:58.508-07', null, null, null);
INSERT INTO USERS (id, username, password, enabled, ospname, last_password_reset_date, connection_status, token, refreshtoken) VALUES (65, 'testuser64', '$2a$04$Vbug2lwwJGrvUXTj6z7ff.97IzVBkrJ1XfApfGNl.Z695zqcnPYra', true, 'xero', '2017-10-01 18:57:58.508-07', null, null, null);
INSERT INTO USERS (id, username, password, enabled, ospname, last_password_reset_date, connection_status, token, refreshtoken) VALUES (66, 'testuser65', '$2a$04$Vbug2lwwJGrvUXTj6z7ff.97IzVBkrJ1XfApfGNl.Z695zqcnPYra', true, 'xero', '2017-10-01 18:57:58.508-07', null, null, null);
INSERT INTO USERS (id, username, password, enabled, ospname, last_password_reset_date, connection_status, token, refreshtoken) VALUES (67, 'testuser66', '$2a$04$Vbug2lwwJGrvUXTj6z7ff.97IzVBkrJ1XfApfGNl.Z695zqcnPYra', true, 'xero', '2017-10-01 18:57:58.508-07', null, null, null);
INSERT INTO USERS (id, username, password, enabled, ospname, last_password_reset_date, connection_status, token, refreshtoken) VALUES (68, 'testuser67', '$2a$04$Vbug2lwwJGrvUXTj6z7ff.97IzVBkrJ1XfApfGNl.Z695zqcnPYra', true, 'xero', '2017-10-01 18:57:58.508-07', null, null, null);
INSERT INTO USERS (id, username, password, enabled, ospname, last_password_reset_date, connection_status, token, refreshtoken) VALUES (69, 'testuser68', '$2a$04$Vbug2lwwJGrvUXTj6z7ff.97IzVBkrJ1XfApfGNl.Z695zqcnPYra', true, 'xero', '2017-10-01 18:57:58.508-07', null, null, null);
INSERT INTO USERS (id, username, password, enabled, ospname, last_password_reset_date, connection_status, token, refreshtoken) VALUES (70, 'testuser69', '$2a$04$Vbug2lwwJGrvUXTj6z7ff.97IzVBkrJ1XfApfGNl.Z695zqcnPYra', true, 'xero', '2017-10-01 18:57:58.508-07', null, null, null);
INSERT INTO USERS (id, username, password, enabled, ospname, last_password_reset_date, connection_status, token, refreshtoken) VALUES (71, 'testuser70', '$2a$04$Vbug2lwwJGrvUXTj6z7ff.97IzVBkrJ1XfApfGNl.Z695zqcnPYra', true, 'xero', '2017-10-01 18:57:58.508-07', null, null, null);
INSERT INTO USERS (id, username, password, enabled, ospname, last_password_reset_date, connection_status, token, refreshtoken) VALUES (72, 'testuser71', '$2a$04$Vbug2lwwJGrvUXTj6z7ff.97IzVBkrJ1XfApfGNl.Z695zqcnPYra', true, 'xero', '2017-10-01 18:57:58.508-07', null, null, null);
INSERT INTO USERS (id, username, password, enabled, ospname, last_password_reset_date, connection_status, token, refreshtoken) VALUES (73, 'testuser72', '$2a$04$Vbug2lwwJGrvUXTj6z7ff.97IzVBkrJ1XfApfGNl.Z695zqcnPYra', true, 'xero', '2017-10-01 18:57:58.508-07', null, null, null);
INSERT INTO USERS (id, username, password, enabled, ospname, last_password_reset_date, connection_status, token, refreshtoken) VALUES (74, 'testuser73', '$2a$04$Vbug2lwwJGrvUXTj6z7ff.97IzVBkrJ1XfApfGNl.Z695zqcnPYra', true, 'xero', '2017-10-01 18:57:58.508-07', null, null, null);
INSERT INTO USERS (id, username, password, enabled, ospname, last_password_reset_date, connection_status, token, refreshtoken) VALUES (75, 'testuser74', '$2a$04$Vbug2lwwJGrvUXTj6z7ff.97IzVBkrJ1XfApfGNl.Z695zqcnPYra', true, 'xero', '2017-10-01 18:57:58.508-07', null, null, null);
INSERT INTO USERS (id, username, password, enabled, ospname, last_password_reset_date, connection_status, token, refreshtoken) VALUES (76, 'testuser75', '$2a$04$Vbug2lwwJGrvUXTj6z7ff.97IzVBkrJ1XfApfGNl.Z695zqcnPYra', true, 'xero', '2017-10-01 18:57:58.508-07', null, null, null);
INSERT INTO USERS (id, username, password, enabled, ospname, last_password_reset_date, connection_status, token, refreshtoken) VALUES (77, 'testuser76', '$2a$04$Vbug2lwwJGrvUXTj6z7ff.97IzVBkrJ1XfApfGNl.Z695zqcnPYra', true, 'xero', '2017-10-01 18:57:58.508-07', null, null, null);
INSERT INTO USERS (id, username, password, enabled, ospname, last_password_reset_date, connection_status, token, refreshtoken) VALUES (78, 'testuser77', '$2a$04$Vbug2lwwJGrvUXTj6z7ff.97IzVBkrJ1XfApfGNl.Z695zqcnPYra', true, 'xero', '2017-10-01 18:57:58.508-07', null, null, null);
INSERT INTO USERS (id, username, password, enabled, ospname, last_password_reset_date, connection_status, token, refreshtoken) VALUES (79, 'testuser78', '$2a$04$Vbug2lwwJGrvUXTj6z7ff.97IzVBkrJ1XfApfGNl.Z695zqcnPYra', true, 'xero', '2017-10-01 18:57:58.508-07', null, null, null);
INSERT INTO USERS (id, username, password, enabled, ospname, last_password_reset_date, connection_status, token, refreshtoken) VALUES (80, 'testuser79', '$2a$04$Vbug2lwwJGrvUXTj6z7ff.97IzVBkrJ1XfApfGNl.Z695zqcnPYra', true, 'xero', '2017-10-01 18:57:58.508-07', null, null, null);
INSERT INTO USERS (id, username, password, enabled, ospname, last_password_reset_date, connection_status, token, refreshtoken) VALUES (81, 'testuser80', '$2a$04$Vbug2lwwJGrvUXTj6z7ff.97IzVBkrJ1XfApfGNl.Z695zqcnPYra', true, 'xero', '2017-10-01 18:57:58.508-07', null, null, null);
INSERT INTO USERS (id, username, password, enabled, ospname, last_password_reset_date, connection_status, token, refreshtoken) VALUES (82, 'testuser81', '$2a$04$Vbug2lwwJGrvUXTj6z7ff.97IzVBkrJ1XfApfGNl.Z695zqcnPYra', true, 'xero', '2017-10-01 18:57:58.508-07', null, null, null);
INSERT INTO USERS (id, username, password, enabled, ospname, last_password_reset_date, connection_status, token, refreshtoken) VALUES (83, 'testuser82', '$2a$04$Vbug2lwwJGrvUXTj6z7ff.97IzVBkrJ1XfApfGNl.Z695zqcnPYra', true, 'xero', '2017-10-01 18:57:58.508-07', null, null, null);
INSERT INTO USERS (id, username, password, enabled, ospname, last_password_reset_date, connection_status, token, refreshtoken) VALUES (84, 'testuser83', '$2a$04$Vbug2lwwJGrvUXTj6z7ff.97IzVBkrJ1XfApfGNl.Z695zqcnPYra', true, 'xero', '2017-10-01 18:57:58.508-07', null, null, null);
INSERT INTO USERS (id, username, password, enabled, ospname, last_password_reset_date, connection_status, token, refreshtoken) VALUES (85, 'testuser84', '$2a$04$Vbug2lwwJGrvUXTj6z7ff.97IzVBkrJ1XfApfGNl.Z695zqcnPYra', true, 'xero', '2017-10-01 18:57:58.508-07', null, null, null);
INSERT INTO USERS (id, username, password, enabled, ospname, last_password_reset_date, connection_status, token, refreshtoken) VALUES (86, 'testuser85', '$2a$04$Vbug2lwwJGrvUXTj6z7ff.97IzVBkrJ1XfApfGNl.Z695zqcnPYra', true, 'xero', '2017-10-01 18:57:58.508-07', null, null, null);
INSERT INTO USERS (id, username, password, enabled, ospname, last_password_reset_date, connection_status, token, refreshtoken) VALUES (87, 'testuser86', '$2a$04$Vbug2lwwJGrvUXTj6z7ff.97IzVBkrJ1XfApfGNl.Z695zqcnPYra', true, 'xero', '2017-10-01 18:57:58.508-07', null, null, null);
INSERT INTO USERS (id, username, password, enabled, ospname, last_password_reset_date, connection_status, token, refreshtoken) VALUES (88, 'testuser87', '$2a$04$Vbug2lwwJGrvUXTj6z7ff.97IzVBkrJ1XfApfGNl.Z695zqcnPYra', true, 'xero', '2017-10-01 18:57:58.508-07', null, null, null);
INSERT INTO USERS (id, username, password, enabled, ospname, last_password_reset_date, connection_status, token, refreshtoken) VALUES (89, 'testuser88', '$2a$04$Vbug2lwwJGrvUXTj6z7ff.97IzVBkrJ1XfApfGNl.Z695zqcnPYra', true, 'xero', '2017-10-01 18:57:58.508-07', null, null, null);
INSERT INTO USERS (id, username, password, enabled, ospname, last_password_reset_date, connection_status, token, refreshtoken) VALUES (90, 'testuser89', '$2a$04$Vbug2lwwJGrvUXTj6z7ff.97IzVBkrJ1XfApfGNl.Z695zqcnPYra', true, 'xero', '2017-10-01 18:57:58.508-07', null, null, null);
INSERT INTO USERS (id, username, password, enabled, ospname, last_password_reset_date, connection_status, token, refreshtoken) VALUES (91, 'testuser90', '$2a$04$Vbug2lwwJGrvUXTj6z7ff.97IzVBkrJ1XfApfGNl.Z695zqcnPYra', true, 'xero', '2017-10-01 18:57:58.508-07', null, null, null);
INSERT INTO USERS (id, username, password, enabled, ospname, last_password_reset_date, connection_status, token, refreshtoken) VALUES (92, 'testuser91', '$2a$04$Vbug2lwwJGrvUXTj6z7ff.97IzVBkrJ1XfApfGNl.Z695zqcnPYra', true, 'xero', '2017-10-01 18:57:58.508-07', null, null, null);
INSERT INTO USERS (id, username, password, enabled, ospname, last_password_reset_date, connection_status, token, refreshtoken) VALUES (93, 'testuser92', '$2a$04$Vbug2lwwJGrvUXTj6z7ff.97IzVBkrJ1XfApfGNl.Z695zqcnPYra', true, 'xero', '2017-10-01 18:57:58.508-07', null, null, null);
INSERT INTO USERS (id, username, password, enabled, ospname, last_password_reset_date, connection_status, token, refreshtoken) VALUES (94, 'testuser93', '$2a$04$Vbug2lwwJGrvUXTj6z7ff.97IzVBkrJ1XfApfGNl.Z695zqcnPYra', true, 'xero', '2017-10-01 18:57:58.508-07', null, null, null);
INSERT INTO USERS (id, username, password, enabled, ospname, last_password_reset_date, connection_status, token, refreshtoken) VALUES (95, 'testuser94', '$2a$04$Vbug2lwwJGrvUXTj6z7ff.97IzVBkrJ1XfApfGNl.Z695zqcnPYra', true, 'xero', '2017-10-01 18:57:58.508-07', null, null, null);
INSERT INTO USERS (id, username, password, enabled, ospname, last_password_reset_date, connection_status, token, refreshtoken) VALUES (96, 'testuser95', '$2a$04$Vbug2lwwJGrvUXTj6z7ff.97IzVBkrJ1XfApfGNl.Z695zqcnPYra', true, 'xero', '2017-10-01 18:57:58.508-07', null, null, null);
INSERT INTO USERS (id, username, password, enabled, ospname, last_password_reset_date, connection_status, token, refreshtoken) VALUES (97, 'testuser96', '$2a$04$Vbug2lwwJGrvUXTj6z7ff.97IzVBkrJ1XfApfGNl.Z695zqcnPYra', true, 'xero', '2017-10-01 18:57:58.508-07', null, null, null);
INSERT INTO USERS (id, username, password, enabled, ospname, last_password_reset_date, connection_status, token, refreshtoken) VALUES (98, 'testuser97', '$2a$04$Vbug2lwwJGrvUXTj6z7ff.97IzVBkrJ1XfApfGNl.Z695zqcnPYra', true, 'xero', '2017-10-01 18:57:58.508-07', null, null, null);
INSERT INTO USERS (id, username, password, enabled, ospname, last_password_reset_date, connection_status, token, refreshtoken) VALUES (99, 'testuser98', '$2a$04$Vbug2lwwJGrvUXTj6z7ff.97IzVBkrJ1XfApfGNl.Z695zqcnPYra', true, 'xero', '2017-10-01 18:57:58.508-07', null, null, null);
INSERT INTO USERS (id, username, password, enabled, ospname, last_password_reset_date, connection_status, token, refreshtoken) VALUES (100, 'testuser99', '$2a$04$Vbug2lwwJGrvUXTj6z7ff.97IzVBkrJ1XfApfGNl.Z695zqcnPYra', true, 'xero', '2017-10-01 18:57:58.508-07', null, null, null);
INSERT INTO USERS (id, username, password, enabled, ospname, last_password_reset_date, connection_status, token, refreshtoken) VALUES (101, 'testuser100', '$2a$04$Vbug2lwwJGrvUXTj6z7ff.97IzVBkrJ1XfApfGNl.Z695zqcnPYra', true, 'xero', '2017-10-01 18:57:58.508-07', null, null, null);

INSERT INTO AUTHORITY (id, name) VALUES (1, 'ROLE_USER');
INSERT INTO AUTHORITY (id, name) VALUES (2, 'ROLE_ADMIN');

INSERT INTO USER_AUTHORITY (user_id, authority_id) VALUES (1, 1);
INSERT INTO USER_AUTHORITY (user_id, authority_id) VALUES (1, 2);
INSERT INTO USER_AUTHORITY (user_id, authority_id) VALUES (2, 1);
INSERT INTO USER_AUTHORITY (user_id, authority_id) VALUES (3, 1);
INSERT INTO USER_AUTHORITY (user_id, authority_id) VALUES (4, 1);
INSERT INTO USER_AUTHORITY (user_id, authority_id) VALUES (5, 1);
INSERT INTO USER_AUTHORITY (user_id, authority_id) VALUES (6, 1);
INSERT INTO USER_AUTHORITY (user_id, authority_id) VALUES (7, 1);
INSERT INTO USER_AUTHORITY (user_id, authority_id) VALUES (8, 1);
INSERT INTO USER_AUTHORITY (user_id, authority_id) VALUES (9, 1);
INSERT INTO USER_AUTHORITY (user_id, authority_id) VALUES (10, 1);
INSERT INTO USER_AUTHORITY (user_id, authority_id) VALUES (11, 1);
INSERT INTO USER_AUTHORITY (user_id, authority_id) VALUES (12, 1);
INSERT INTO USER_AUTHORITY (user_id, authority_id) VALUES (13, 1);
INSERT INTO USER_AUTHORITY (user_id, authority_id) VALUES (14, 1);
INSERT INTO USER_AUTHORITY (user_id, authority_id) VALUES (15, 1);
INSERT INTO USER_AUTHORITY (user_id, authority_id) VALUES (16, 1);
INSERT INTO USER_AUTHORITY (user_id, authority_id) VALUES (17, 1);
INSERT INTO USER_AUTHORITY (user_id, authority_id) VALUES (18, 1);
INSERT INTO USER_AUTHORITY (user_id, authority_id) VALUES (19, 1);
INSERT INTO USER_AUTHORITY (user_id, authority_id) VALUES (20, 1);
INSERT INTO USER_AUTHORITY (user_id, authority_id) VALUES (21, 1);
INSERT INTO USER_AUTHORITY (user_id, authority_id) VALUES (22, 1);
INSERT INTO USER_AUTHORITY (user_id, authority_id) VALUES (23, 1);
INSERT INTO USER_AUTHORITY (user_id, authority_id) VALUES (24, 1);
INSERT INTO USER_AUTHORITY (user_id, authority_id) VALUES (25, 1);
INSERT INTO USER_AUTHORITY (user_id, authority_id) VALUES (26, 1);
INSERT INTO USER_AUTHORITY (user_id, authority_id) VALUES (27, 1);
INSERT INTO USER_AUTHORITY (user_id, authority_id) VALUES (28, 1);
INSERT INTO USER_AUTHORITY (user_id, authority_id) VALUES (29, 1);
INSERT INTO USER_AUTHORITY (user_id, authority_id) VALUES (30, 1);
INSERT INTO USER_AUTHORITY (user_id, authority_id) VALUES (31, 1);
INSERT INTO USER_AUTHORITY (user_id, authority_id) VALUES (32, 1);
INSERT INTO USER_AUTHORITY (user_id, authority_id) VALUES (33, 1);
INSERT INTO USER_AUTHORITY (user_id, authority_id) VALUES (34, 1);
INSERT INTO USER_AUTHORITY (user_id, authority_id) VALUES (35, 1);
INSERT INTO USER_AUTHORITY (user_id, authority_id) VALUES (36, 1);
INSERT INTO USER_AUTHORITY (user_id, authority_id) VALUES (37, 1);
INSERT INTO USER_AUTHORITY (user_id, authority_id) VALUES (38, 1);
INSERT INTO USER_AUTHORITY (user_id, authority_id) VALUES (39, 1);
INSERT INTO USER_AUTHORITY (user_id, authority_id) VALUES (40, 1);
INSERT INTO USER_AUTHORITY (user_id, authority_id) VALUES (41, 1);
INSERT INTO USER_AUTHORITY (user_id, authority_id) VALUES (42, 1);
INSERT INTO USER_AUTHORITY (user_id, authority_id) VALUES (43, 1);
INSERT INTO USER_AUTHORITY (user_id, authority_id) VALUES (44, 1);
INSERT INTO USER_AUTHORITY (user_id, authority_id) VALUES (45, 1);
INSERT INTO USER_AUTHORITY (user_id, authority_id) VALUES (46, 1);
INSERT INTO USER_AUTHORITY (user_id, authority_id) VALUES (47, 1);
INSERT INTO USER_AUTHORITY (user_id, authority_id) VALUES (48, 1);
INSERT INTO USER_AUTHORITY (user_id, authority_id) VALUES (49, 1);
INSERT INTO USER_AUTHORITY (user_id, authority_id) VALUES (50, 1);
INSERT INTO USER_AUTHORITY (user_id, authority_id) VALUES (51, 1);

INSERT INTO USER_AUTHORITY (user_id, authority_id) VALUES (52, 1);
INSERT INTO USER_AUTHORITY (user_id, authority_id) VALUES (53, 1);
INSERT INTO USER_AUTHORITY (user_id, authority_id) VALUES (54, 1);
INSERT INTO USER_AUTHORITY (user_id, authority_id) VALUES (55, 1);
INSERT INTO USER_AUTHORITY (user_id, authority_id) VALUES (56, 1);
INSERT INTO USER_AUTHORITY (user_id, authority_id) VALUES (57, 1);
INSERT INTO USER_AUTHORITY (user_id, authority_id) VALUES (58, 1);
INSERT INTO USER_AUTHORITY (user_id, authority_id) VALUES (59, 1);
INSERT INTO USER_AUTHORITY (user_id, authority_id) VALUES (60, 1);
INSERT INTO USER_AUTHORITY (user_id, authority_id) VALUES (61, 1);
INSERT INTO USER_AUTHORITY (user_id, authority_id) VALUES (62, 1);
INSERT INTO USER_AUTHORITY (user_id, authority_id) VALUES (63, 1);
INSERT INTO USER_AUTHORITY (user_id, authority_id) VALUES (64, 1);
INSERT INTO USER_AUTHORITY (user_id, authority_id) VALUES (65, 1);
INSERT INTO USER_AUTHORITY (user_id, authority_id) VALUES (66, 1);
INSERT INTO USER_AUTHORITY (user_id, authority_id) VALUES (67, 1);
INSERT INTO USER_AUTHORITY (user_id, authority_id) VALUES (68, 1);
INSERT INTO USER_AUTHORITY (user_id, authority_id) VALUES (69, 1);
INSERT INTO USER_AUTHORITY (user_id, authority_id) VALUES (70, 1);
INSERT INTO USER_AUTHORITY (user_id, authority_id) VALUES (71, 1);
INSERT INTO USER_AUTHORITY (user_id, authority_id) VALUES (72, 1);
INSERT INTO USER_AUTHORITY (user_id, authority_id) VALUES (73, 1);
INSERT INTO USER_AUTHORITY (user_id, authority_id) VALUES (74, 1);
INSERT INTO USER_AUTHORITY (user_id, authority_id) VALUES (75, 1);
INSERT INTO USER_AUTHORITY (user_id, authority_id) VALUES (76, 1);
INSERT INTO USER_AUTHORITY (user_id, authority_id) VALUES (77, 1);
INSERT INTO USER_AUTHORITY (user_id, authority_id) VALUES (78, 1);
INSERT INTO USER_AUTHORITY (user_id, authority_id) VALUES (79, 1);
INSERT INTO USER_AUTHORITY (user_id, authority_id) VALUES (80, 1);
INSERT INTO USER_AUTHORITY (user_id, authority_id) VALUES (81, 1);
INSERT INTO USER_AUTHORITY (user_id, authority_id) VALUES (82, 1);
INSERT INTO USER_AUTHORITY (user_id, authority_id) VALUES (83, 1);
INSERT INTO USER_AUTHORITY (user_id, authority_id) VALUES (84, 1);
INSERT INTO USER_AUTHORITY (user_id, authority_id) VALUES (85, 1);
INSERT INTO USER_AUTHORITY (user_id, authority_id) VALUES (86, 1);
INSERT INTO USER_AUTHORITY (user_id, authority_id) VALUES (87, 1);
INSERT INTO USER_AUTHORITY (user_id, authority_id) VALUES (88, 1);
INSERT INTO USER_AUTHORITY (user_id, authority_id) VALUES (89, 1);
INSERT INTO USER_AUTHORITY (user_id, authority_id) VALUES (90, 1);
INSERT INTO USER_AUTHORITY (user_id, authority_id) VALUES (91, 1);
INSERT INTO USER_AUTHORITY (user_id, authority_id) VALUES (92, 1);
INSERT INTO USER_AUTHORITY (user_id, authority_id) VALUES (93, 1);
INSERT INTO USER_AUTHORITY (user_id, authority_id) VALUES (94, 1);
INSERT INTO USER_AUTHORITY (user_id, authority_id) VALUES (95, 1);
INSERT INTO USER_AUTHORITY (user_id, authority_id) VALUES (96, 1);
INSERT INTO USER_AUTHORITY (user_id, authority_id) VALUES (97, 1);
INSERT INTO USER_AUTHORITY (user_id, authority_id) VALUES (98, 1);
INSERT INTO USER_AUTHORITY (user_id, authority_id) VALUES (99, 1);
INSERT INTO USER_AUTHORITY (user_id, authority_id) VALUES (100, 1);
INSERT INTO USER_AUTHORITY (user_id, authority_id) VALUES (101, 1);

























